grna_id,protospacer,editor_system,chrom_hg38,start_hg38,end_hg38,start_hg19,subregion_hg38,subregion_hg19,padj,has_cpg_island,has_atac_in_hypothalamic_neuron,overlapping_genes,methylation_delta_edited_vs_nt,reactivation_score,subregion_bonus,composite_score_hg38,genome_build
PWS_G.9414,CAGTTCAGGGCATGAGATAA,dCas9-VP64,chr15,24862855,24862875,25108002,snrpn_snh14,pws_critical,7.5e-133,False,False,SNHG14,,0.203,0.95,0.6483,GRCh38
PWS_G.8738,ACAGTTCAGGGCATGAGATA,dCas9-VP64,chr15,24862854,24862874,25108001,snrpn_snh14,pws_critical,7.77e-93,False,False,SNHG14,,0.203,0.95,0.6483,GRCh38
PWS_G.4670,GCAGGCTGGCGCGCATGCTC,dCas9-Tet1,chr15,24954921,24954941,25200068,pws_icr,pws_critical,9.2e-15,False,False,SNHG14,-54.902983106438704,0.524,1.0,0.5873,GRCh38
PWS_G.5117,GGAACCAGTCAGAACAGGTG,dCas9-VP64,chr15,24829662,24829682,25074809,pws_critical,pws_critical,1.7899999999999998e-55,False,False,SNHG14,,0.203,0.75,0.5783,GRCh38
PWS_G.4662,GCAGCTCAGAAAGTGATGCA,dCas9-VP64,chr15,24829544,24829564,25074691,pws_critical,pws_critical,1.79e-69,False,False,SNHG14,,0.203,0.75,0.5783,GRCh38
PWS_G.3482,CGTGTGGCGAGGGTACGTGG,dCas9-Tet1,chr15,24955426,24955446,25200573,pws_icr,pws_critical,3.51e-12,False,False,SNHG14,-52.78987062903153,0.524,1.0,0.5744,GRCh38
PWS_G.3858,CTGTCGCGACACCACAGTTG,dCas9-Tet1,chr15,24955292,24955312,25200439,pws_icr,pws_critical,9.22e-10,False,False,SNHG14,-55.2569008518575,0.524,1.0,0.5623,GRCh38
PWS_G.3437,CGGTCAGTGACGCGATGGAG,dCas9-Tet1,chr15,24955035,24955055,25200182,pws_icr,pws_critical,1.16e-08,False,False,SNHG14,-54.902983106438704,0.524,1.0,0.5568,GRCh38
PWS_G.7011,TCCGTGTGGCGAGGGTACGT,dCas9-Tet1,chr15,24955424,24955444,25200571,pws_icr,pws_critical,6.3e-08,False,False,SNHG14,-52.78987062903153,0.524,1.0,0.5532,GRCh38
PWS_G.5691,GGTCAGTGACGCGATGGAGC,dCas9-Tet1,chr15,24955036,24955056,25200183,pws_icr,pws_critical,6.94e-08,False,False,SNHG14,-54.902983106438704,0.524,1.0,0.5529,GRCh38
PWS_G.3338,CGCGACACCACAGTTGGGGG,dCas9-Tet1,chr15,24955288,24955308,25200435,pws_icr,pws_critical,3.09e-07,False,False,SNHG14,-55.2569008518575,0.524,1.0,0.5497,GRCh38
PWS_G.7410,TGCATAGGGATTTTAGGCGG,dCas9-Tet1,chr15,24955455,24955475,25200602,pws_icr,pws_critical,5.81e-07,False,False,SNHG14,-52.47013923677677,0.524,1.0,0.5483,GRCh38
PWS_G.6065,GTGACGCGATGGAGCGGGCA,dCas9-Tet1,chr15,24955041,24955061,25200188,pws_icr,pws_critical,1.14e-06,False,False,SNHG14,-54.902983106438704,0.524,1.0,0.5469,GRCh38
PWS_G.2815,CCAGGTCATTCCGGTGAGGG,dCas9-Tet1,chr15,24954846,24954866,25199993,pws_icr,pws_critical,2.3e-06,False,False,SNHG14,-54.902983106438704,0.524,1.0,0.5453,GRCh38
PWS_G.4871,GCGCCCCAATGCGAGCGGAC,dCas9-Tet1,chr15,24955256,24955276,25200403,pws_icr,pws_critical,2.41e-06,False,False,SNHG14,-54.03979701972791,0.524,1.0,0.5452,GRCh38
PWS_G.2746,CCACCGCAGACACCCGCAAT,dCas9-Tet1,chr15,24955317,24955337,25200464,pws_icr,pws_critical,2.66e-06,False,False,SNHG14,-53.77436127799284,0.524,1.0,0.545,GRCh38
PWS_G.4363,GAGCGGACAGGATACCATCG,dCas9-Tet1,chr15,24955244,24955264,25200391,pws_icr,pws_critical,2.95e-06,False,False,SNHG14,-54.7971288372618,0.524,1.0,0.5448,GRCh38
PWS_G.1288,AGGAGCGGTCAGTGACGCGA,dCas9-Tet1,chr15,24955030,24955050,25200177,pws_icr,pws_critical,3.13e-06,False,False,SNHG14,-54.902983106438704,0.524,1.0,0.5447,GRCh38
PWS_G.7752,TGTCGCGACAGGTCCTATTG,dCas9-Tet1,chr15,24955301,24955321,25200448,pws_icr,pws_critical,3.6e-06,False,False,SNHG14,-55.344214527561405,0.524,1.0,0.5444,GRCh38
PWS_G.5452,GGCTGGCGCGCATGCTCAGG,dCas9-Tet1,chr15,24954924,24954944,25200071,pws_icr,pws_critical,3.68e-06,False,False,SNHG14,-54.902983106438704,0.524,1.0,0.5443,GRCh38
PWS_G.3193,CCTGTCGCGACACCACAGTT,dCas9-Tet1,chr15,24955293,24955313,25200440,pws_icr,pws_critical,3.77e-06,False,False,SNHG14,-55.2569008518575,0.524,1.0,0.5443,GRCh38
PWS_G.7751,TGTCGCGACACCACAGTTGG,dCas9-Tet1,chr15,24955291,24955311,25200438,pws_icr,pws_critical,4.32e-06,False,False,SNHG14,-55.2569008518575,0.524,1.0,0.544,GRCh38
PWS_G.6064,GTGACGCAACACAGACCCCC,dCas9-Tet1,chr15,24956268,24956288,25201415,pws_icr,pws_critical,6.3e-08,False,False,SNHG14,,0.524,1.0,0.5432,GRCh38
PWS_G.3477,CGTGGGGGGACCAGTGCATA,dCas9-Tet1,chr15,24955441,24955461,25200588,pws_icr,pws_critical,7.68e-06,False,False,SNHG14,-50.64876519781531,0.524,1.0,0.5427,GRCh38
PWS_G.6001,GTCGCGACAGGTCCTATTGC,dCas9-Tet1,chr15,24955302,24955322,25200449,pws_icr,pws_critical,1.98e-05,False,False,SNHG14,-55.344214527561405,0.524,1.0,0.5407,GRCh38
PWS_G.7259,TGAAGTGATCGGTATTTAGG,dCas9-Tet1,chr15,24955516,24955536,25200663,pws_icr,pws_critical,2.5e-05,False,False,SNHG14,-54.08929243411969,0.524,1.0,0.5402,GRCh38
PWS_G.3052,CCGGACAGCGACAGGCCCCG,dCas9-Tet1,chr15,24955873,24955893,25201020,pws_icr,pws_critical,6.84e-05,False,False,SNHG14,-52.210083468807966,0.524,1.0,0.538,GRCh38
PWS_G.4627,GCACGCCTGCGCGGCCGCAG,dCas9-Tet1,chr15,24954899,24954919,25200046,pws_icr,pws_critical,8.47e-05,False,False,SNHG14,-54.902983106438704,0.524,1.0,0.5375,GRCh38
PWS_G.4841,GCGAAGGTACGTGAAGTGAT,dCas9-Tet1,chr15,24955505,24955525,25200652,pws_icr,pws_critical,0.000126307,False,False,SNHG14,-55.24630159780093,0.524,1.0,0.5366,GRCh38
PWS_G.3107,CCTATTGCGGGTGTCTGCGG,dCas9-Tet1,chr15,24955314,24955334,25200461,pws_icr,pws_critical,0.000135744,False,False,SNHG14,-53.977709425408925,0.524,1.0,0.5365,GRCh38
PWS_G.4521,GATGCGTCAGGCATCTCCGG,dCas9-Tet1,chr15,24955004,24955024,25200151,pws_icr,pws_critical,0.000179854,False,False,SNHG14,-54.902983106438704,0.524,1.0,0.5359,GRCh38
PWS_G.1867,ATGCCTGACGCATCTGTCTG,dCas9-Tet1,chr15,24955010,24955030,25200157,pws_icr,pws_critical,0.000224637,False,False,SNHG14,-54.902983106438704,0.524,1.0,0.5354,GRCh38
PWS_G.3464,CGTGAAGTGATCGGTATTTA,dCas9-Tet1,chr15,24955514,24955534,25200661,pws_icr,pws_critical,0.000284413,False,False,SNHG14,-54.08929243411969,0.524,1.0,0.5349,GRCh38
PWS_G.5153,GGAATTCGTCGCAGTGACCG,dCas9-Tet1,chr15,24955610,24955630,25200757,pws_icr,pws_critical,0.000413312,False,False,SNHG14,-52.210083468807966,0.524,1.0,0.5341,GRCh38
PWS_G.6298,GTTGTGCCGTTCTGCCCCGA,dCas9-Tet1,chr15,24955227,24955247,25200374,pws_icr,pws_critical,0.00048815,False,False,SNHG14,-51.099112629004374,0.524,1.0,0.5337,GRCh38
PWS_G.7924,TTAGGCGGAGGTAGGTATAT,dCas9-Tet1,chr15,24955467,24955487,25200614,pws_icr,pws_critical,0.001094511,False,False,SNHG14,-52.47013923677677,0.524,1.0,0.532,GRCh38
PWS_G.595,ACAGATGCGTCAGGCATCTC,dCas9-Tet1,chr15,24955007,24955027,25200154,pws_icr,pws_critical,0.001402496,False,False,SNHG14,-54.902983106438704,0.524,1.0,0.5314,GRCh38
PWS_G.5274,GGCAAACAAGCACGCCTGCG,dCas9-Tet1,chr15,24954890,24954910,25200037,pws_icr,pws_critical,0.001500542,False,False,SNHG14,-54.902983106438704,0.524,1.0,0.5313,GRCh38
PWS_G.4903,GCGGCGACAGTGGGTATTGG,dCas9-Tet1,chr15,24955749,24955769,25200896,pws_icr,pws_critical,0.001945532,False,False,SNHG14,-52.210083468807966,0.524,1.0,0.5307,GRCh38
PWS_G.5478,GGGACGCGCCCCAATGCGAG,dCas9-Tet1,chr15,24955261,24955281,25200408,pws_icr,pws_critical,0.00319553,False,False,SNHG14,-56.809093880163225,0.524,1.0,0.5296,GRCh38
PWS_G.4676,GCAGGGTACGTGGGGCGACT,dCas9-Tet1,chr15,24955584,24955604,25200731,pws_icr,pws_critical,0.003736503,False,False,SNHG14,-52.210083468807966,0.524,1.0,0.5293,GRCh38
PWS_G.7440,TGCCGCTGCTGCAGCGAGTC,dCas9-Tet1,chr15,24954963,24954983,25200110,pws_icr,pws_critical,0.003736503,False,False,SNHG14,-54.902983106438704,0.524,1.0,0.5293,GRCh38
PWS_G.5679,GGTATCCTGTCCGCTCGCAT,dCas9-Tet1,chr15,24955248,24955268,25200395,pws_icr,pws_critical,0.005308659,False,False,SNHG14,-54.7971288372618,0.524,1.0,0.5285,GRCh38
PWS_G.1173,AGCATGCGGGGTAACCGCAG,dCas9-Tet1,chr15,24955357,24955377,25200504,pws_icr,pws_critical,0.006387033,False,False,SNHG14,-54.69957077495863,0.524,1.0,0.5281,GRCh38
PWS_G.3268,CGAGCGGACAGGATACCATC,dCas9-Tet1,chr15,24955245,24955265,25200392,pws_icr,pws_critical,0.006324892,False,False,SNHG14,-54.7971288372618,0.524,1.0,0.5281,GRCh38
PWS_G.7302,TGACGCATCTGTCTGAGGAG,dCas9-Tet1,chr15,24955015,24955035,25200162,pws_icr,pws_critical,0.008273386,False,False,SNHG14,-54.902983106438704,0.524,1.0,0.5276,GRCh38
PWS_G.2288,CACCGGAATGACCTGGGGGG,dCas9-Tet1,chr15,24954842,24954862,25199989,pws_icr,pws_critical,0.008273386,False,False,SNHG14,-54.902983106438704,0.524,1.0,0.5276,GRCh38
PWS_G.853,ACGTGGGGGGACCAGTGCAT,dCas9-Tet1,chr15,24955440,24955460,25200587,pws_icr,pws_critical,0.008273386,False,False,SNHG14,-50.64876519781531,0.524,1.0,0.5276,GRCh38
PWS_G.5029,GCTGGCGCGCATGCTCAGGC,dCas9-Tet1,chr15,24954925,24954945,25200072,pws_icr,pws_critical,0.011260228,False,False,SNHG14,-54.902983106438704,0.524,1.0,0.5269,GRCh38
PWS_G.3130,CCTCCCTCACCGGAATGACC,dCas9-Tet1,chr15,24954849,24954869,25199996,pws_icr,pws_critical,0.011791188,False,False,SNHG14,-54.902983106438704,0.524,1.0,0.5268,GRCh38
PWS_G.5890,GTATAATAGTGACCACTGCG,dCas9-Tet1,chr15,24955557,24955577,25200704,pws_icr,pws_critical,0.019184939,False,False,SNHG14,-52.210083468807966,0.524,1.0,0.5257,GRCh38
PWS_G.2979,CCCTCAGGTCTTCCTATGTG,dCas9-Tet1,chr15,24954628,24954648,25199775,pws_icr,pws_critical,0.000206627,False,False,SNHG14,,0.524,1.0,0.5256,GRCh38
PWS_G.4658,GCAGCGAGTCTGGCGCAGAG,dCas9-Tet1,chr15,24954973,24954993,25200120,pws_icr,pws_critical,0.021092261,False,False,SNHG14,-54.902983106438704,0.524,1.0,0.5255,GRCh38
PWS_G.741,ACCGCACATAGGAAGACCTG,dCas9-Tet1,chr15,24954624,24954644,25199771,pws_icr,pws_critical,0.000284413,False,False,SNHG14,,0.524,1.0,0.5249,GRCh38
PWS_G.8032,TTCCGTGTGGCGAGGGTACG,dCas9-Tet1,chr15,24955423,24955443,25200570,pws_icr,pws_critical,0.027929485,False,False,SNHG14,-52.78987062903153,0.524,1.0,0.5249,GRCh38
PWS_G.3535,CTACCTCAGAGGAGTGTCAA,dCas9-Tet1,chr15,24857666,24857686,25102813,snrpn_snh14,pws_critical,2.05e-06,False,False,SNHG14,,0.524,0.95,0.5231,GRCh38
PWS_G.3501,CTAAAGCGAGGGTTCCTAAA,dCas9-Tet1,chr15,24956097,24956117,25201244,pws_icr,pws_critical,0.003510491,False,False,SNHG14,,0.524,1.0,0.5194,GRCh38
PWS_G.3094,CCTACTTAGATCTTAGGTGG,dCas9-Tet1,chr15,24954304,24954324,25199451,pws_icr,pws_critical,0.030775446,False,False,SNHG14,,0.524,1.0,0.5147,GRCh38
PWS_G.2962,CCCGGAGGCGGCATGCCTAT,dCas9-Tet1,chr15,24978270,24978290,25223417,pws_icr,pws_critical,0.038849654,False,False,SNHG14,,0.524,1.0,0.5142,GRCh38
PWS_G.7574,TGGCCAGAATGTCCACCGTG,dCas9-Tet1,chr15,25033572,25033592,25278719,snrpn_snh14,pws_critical,0.046799248,False,True,SNHG14;PWAR6,,0.524,0.95,0.5113,GRCh38
PWS_G.4862,GCGCACTGCAGCGCAGACCA,dCas9-VP64,chr15,24917659,24917679,25162806,snrpn_snh14,pws_critical,2.8000000000000003e-23,False,False,SNHG14,,0.203,0.95,0.5111,GRCh38
PWS_G.5706,GGTCGGCTTCAGGAGGGAAG,dCas9-VP64,chr15,23860490,23860510,24105637,outside_pws_critical,outside_pws_critical,2.04e-64,False,False,,,0.203,0.4,0.4908,GRCh38
PWS_G.10218,GGGCATGAGATAAGGGCAGT,dCas9-VP64,chr15,24862862,24862882,25108009,snrpn_snh14,pws_critical,1.45e-12,False,False,SNHG14,,0.203,0.95,0.4575,GRCh38
PWS_G.725,ACCCCTATGAATCAGTAACC,dCas9-VP64,chr15,24966910,24966930,25212057,pws_icr,pws_critical,1.56e-08,False,False,SNHG14,,0.203,1.0,0.4498,GRCh38
PWS_G.306,AAGCAATATGAAATGTTACC,dCas9-Tet1,chr15,24823823,24823843,25068970,pws_critical,pws_critical,0.048168403,False,False,SNHG14,,0.524,0.75,0.4312,GRCh38
PWS_G.3437,CGGTCAGTGACGCGATGGAG,dCas9-VP64,chr15,24955035,24955055,25200182,pws_icr,pws_critical,0.034991881,False,False,SNHG14,-54.902983106438704,0.203,1.0,0.4281,GRCh38
PWS_G.6855,TCATACTAGCTTCCTCACCA,dCas9-VP64,chr15,24974180,24974200,25219327,pws_icr,pws_critical,0.001557236,False,False,SNHG14,,0.203,1.0,0.4248,GRCh38
PWS_G.4738,GCCAGGTTACTGATTCATAG,dCas9-VP64,chr15,24966906,24966926,25212053,pws_icr,pws_critical,0.004324732,False,False,SNHG14,,0.203,1.0,0.4226,GRCh38
PWS_G.7831,TGTTGGGGCTCCAGCAATAC,dCas9-VP64,chr15,24977836,24977856,25222983,pws_icr,pws_critical,0.013485052,False,False,SNHG14,,0.203,1.0,0.4202,GRCh38
PWS_G.6655,TATAGAAGCTAACATGGGAA,dCas9-VP64,chr15,24987314,24987334,25232461,pws_icr,pws_critical,0.030945009,False,False,SNHG14,,0.203,1.0,0.4184,GRCh38
PWS_G.6318,GTTTCAGGCCTGGACTGGGT,dCas9-VP64,chr15,24829288,24829308,25074435,pws_critical,pws_critical,5.55e-15,False,False,SNHG14,,0.203,0.75,0.3996,GRCh38
PWS_G.4695,GCATCACTTTCTGAGCTGCC,dCas9-VP64,chr15,24829543,24829563,25074690,pws_critical,pws_critical,6.35e-05,False,False,SNHG14,,0.203,0.75,0.3493,GRCh38
PWS_G.1569,AGTTTCAGGCCTGGACTGGG,dCas9-VP64,chr15,24829287,24829307,25074434,pws_critical,pws_critical,0.00039211,False,False,SNHG14,,0.203,0.75,0.3453,GRCh38
PWS_G.4513,GATGCAGGGGCCGCTCTCTG,dCas9-VP64,chr15,24829558,24829578,25074705,pws_critical,pws_critical,0.007656568,False,False,SNHG14,,0.203,0.75,0.3389,GRCh38
