grna_id,protospacer,editor_system,chrom_hg38,start_hg38,end_hg38,start_hg19,end_hg19,subregion_hg38,subregion_hg19,padj,log2fc,screen_score,n_overlapping_cpg,overlapping_cpg,n_overlapping_genes,overlapping_genes,n_overlapping_atac,overlapping_atac_peaks,has_atac_in_hypothalamic_neuron,has_cpg_island,methylation_cpg_start,methylation_delta_edited_vs_nt,methylation_pct_edited,methylation_dist_bp,targets_snh14,rules_reactivation_score,uncertainty,rank
PWS_G.4670,GCAGGCTGGCGCGCATGCTC,dCas9-Tet1,chr15,24954921,24954941,25200068,25200088,pws_icr,pws_critical,9.2e-15,,1035.6666666666667,0,,1,SNHG14,0,,False,False,24955206.0,-54.902983106438704,37.22679229646797,275.0,1,1.02,0.08,1
PWS_G.3437,CGGTCAGTGACGCGATGGAG,dCas9-Tet1,chr15,24955035,24955055,25200182,25200202,pws_icr,pws_critical,1.16e-08,,812.9999999999998,0,,1,SNHG14,0,,False,False,24955206.0,-54.902983106438704,37.22679229646797,161.0,1,1.0190477722623723,0.08,2
PWS_G.5452,GGCTGGCGCGCATGCTCAGG,dCas9-Tet1,chr15,24954924,24954944,25200071,25200091,pws_icr,pws_critical,3.68e-06,,492.0000000000001,0,,1,SNHG14,0,,False,False,24955206.0,-54.902983106438704,37.22679229646797,272.0,1,1.0184674636533215,0.08,3
PWS_G.5691,GGTCAGTGACGCGATGGAGC,dCas9-Tet1,chr15,24955036,24955056,25200183,25200203,pws_icr,pws_critical,6.94e-08,,447.0,0,,1,SNHG14,0,,False,False,24955206.0,-54.902983106438704,37.22679229646797,160.0,1,1.0171354223803553,0.08,4
PWS_G.2815,CCAGGTCATTCCGGTGAGGG,dCas9-Tet1,chr15,24954846,24954866,25199993,25200013,pws_icr,pws_critical,2.3e-06,,335.33333333333337,0,,1,SNHG14,0,,False,False,24955206.0,-54.902983106438704,37.22679229646797,350.0,1,1.015412680384875,0.08,5
PWS_G.4627,GCACGCCTGCGCGGCCGCAG,dCas9-Tet1,chr15,24954899,24954919,25200046,25200066,pws_icr,pws_critical,8.47e-05,,126.33333333333326,0,,1,SNHG14,0,,False,False,24955206.0,-54.902983106438704,37.22679229646797,297.0,1,1.0142533070846038,0.08,6
PWS_G.6065,GTGACGCGATGGAGCGGGCA,dCas9-Tet1,chr15,24955041,24955061,25200188,25200208,pws_icr,pws_critical,1.14e-06,,397.0,0,,1,SNHG14,0,,False,False,24955206.0,-54.902983106438704,37.22679229646797,155.0,1,1.0139794618288978,0.08,7
PWS_G.1288,AGGAGCGGTCAGTGACGCGA,dCas9-Tet1,chr15,24955030,24955050,25200177,25200197,pws_icr,pws_critical,3.13e-06,,568.6666666666666,0,,1,SNHG14,0,,False,False,24955206.0,-54.902983106438704,37.22679229646797,166.0,1,1.0134523772626203,0.08,8
PWS_G.5274,GGCAAACAAGCACGCCTGCG,dCas9-Tet1,chr15,24954890,24954910,25200037,25200057,pws_icr,pws_critical,0.001500542,,141.66666666666663,0,,1,SNHG14,0,,False,False,24955206.0,-54.902983106438704,37.22679229646797,306.0,1,1.010811963683356,0.08,9
PWS_G.4521,GATGCGTCAGGCATCTCCGG,dCas9-Tet1,chr15,24955004,24955024,25200151,25200171,pws_icr,pws_critical,0.000179854,,578.3333333333334,0,,1,SNHG14,0,,False,False,24955206.0,-54.902983106438704,37.22679229646797,192.0,1,1.010481365328853,0.08,10
PWS_G.3858,CTGTCGCGACACCACAGTTG,dCas9-Tet1,chr15,24955292,24955312,25200439,25200459,pws_icr,pws_critical,9.22e-10,,711.0000000000001,0,,1,SNHG14,0,,False,False,24955304.0,-55.2569008518575,41.6046492784777,2.0,1,1.0102559807364084,0.08,11
PWS_G.5029,GCTGGCGCGCATGCTCAGGC,dCas9-Tet1,chr15,24954925,24954945,25200072,25200092,pws_icr,pws_critical,0.011260228,,66.33333333333337,0,,1,SNHG14,0,,False,False,24955206.0,-54.902983106438704,37.22679229646797,271.0,1,1.0100518551018614,0.08,12
PWS_G.1867,ATGCCTGACGCATCTGTCTG,dCas9-Tet1,chr15,24955010,24955030,25200157,25200177,pws_icr,pws_critical,0.000224637,,154.66666666666674,0,,1,SNHG14,0,,False,False,24955206.0,-54.902983106438704,37.22679229646797,186.0,1,1.0099596780947984,0.08,13
PWS_G.7440,TGCCGCTGCTGCAGCGAGTC,dCas9-Tet1,chr15,24954963,24954983,25200110,25200130,pws_icr,pws_critical,0.003736503,,76.66666666666663,0,,1,SNHG14,0,,False,False,24955206.0,-54.902983106438704,37.22679229646797,233.0,1,1.009318984725737,0.08,14
PWS_G.595,ACAGATGCGTCAGGCATCTC,dCas9-Tet1,chr15,24955007,24955027,25200154,25200174,pws_icr,pws_critical,0.001402496,,-21.0,0,,1,SNHG14,0,,False,False,24955206.0,-54.902983106438704,37.22679229646797,189.0,1,1.0081955539553413,0.08,15
PWS_G.4658,GCAGCGAGTCTGGCGCAGAG,dCas9-Tet1,chr15,24954973,24954993,25200120,25200140,pws_icr,pws_critical,0.021092261,,84.66666666666669,0,,1,SNHG14,0,,False,False,24955206.0,-54.902983106438704,37.22679229646797,223.0,1,1.007024274622467,0.08,16
PWS_G.2288,CACCGGAATGACCTGGGGGG,dCas9-Tet1,chr15,24954842,24954862,25199989,25200009,pws_icr,pws_critical,0.008273386,,111.0,0,,1,SNHG14,0,,False,False,24955206.0,-54.902983106438704,37.22679229646797,354.0,1,1.0066844078428083,0.08,17
PWS_G.3130,CCTCCCTCACCGGAATGACC,dCas9-Tet1,chr15,24954849,24954869,25199996,25200016,pws_icr,pws_critical,0.011791188,,-58.33333333333326,0,,1,SNHG14,0,,False,False,24955206.0,-54.902983106438704,37.22679229646797,347.0,1,1.0066547744197851,0.08,18
PWS_G.7302,TGACGCATCTGTCTGAGGAG,dCas9-Tet1,chr15,24955015,24955035,25200162,25200182,pws_icr,pws_critical,0.008273386,,213.33333333333337,0,,1,SNHG14,0,,False,False,24955206.0,-54.902983106438704,37.22679229646797,181.0,1,1.005959698068781,0.08,19
PWS_G.3482,CGTGTGGCGAGGGTACGTGG,dCas9-Tet1,chr15,24955426,24955446,25200573,25200593,pws_icr,pws_critical,3.51e-12,,1266.3333333333333,0,,1,SNHG14,0,,False,False,24955433.0,-52.78987062903153,42.3972328216095,3.0,1,1.0043699407238764,0.08,20
PWS_G.3338,CGCGACACCACAGTTGGGGG,dCas9-Tet1,chr15,24955288,24955308,25200435,25200455,pws_icr,pws_critical,3.09e-07,,393.3333333333335,0,,1,SNHG14,0,,False,False,24955304.0,-55.2569008518575,41.6046492784777,6.0,1,1.0043688881718327,0.08,21
PWS_G.4363,GAGCGGACAGGATACCATCG,dCas9-Tet1,chr15,24955244,24955264,25200391,25200411,pws_icr,pws_critical,2.95e-06,,336.00000000000006,0,,1,SNHG14,0,,False,False,24955259.0,-54.7971288372618,41.92223858909707,5.0,1,1.0033891252646077,0.08,22
PWS_G.3193,CCTGTCGCGACACCACAGTT,dCas9-Tet1,chr15,24955293,24955313,25200440,25200460,pws_icr,pws_critical,3.77e-06,,399.0,0,,1,SNHG14,0,,False,False,24955304.0,-55.2569008518575,41.6046492784777,1.0,1,1.0015447926731322,0.08,23
PWS_G.7751,TGTCGCGACACCACAGTTGG,dCas9-Tet1,chr15,24955291,24955311,25200438,25200458,pws_icr,pws_critical,4.32e-06,,371.33333333333337,0,,1,SNHG14,0,,False,False,24955304.0,-55.2569008518575,41.6046492784777,3.0,1,1.0014895131231003,0.08,24
PWS_G.7752,TGTCGCGACAGGTCCTATTG,dCas9-Tet1,chr15,24955301,24955321,25200448,25200468,pws_icr,pws_critical,3.6e-06,,342.66666666666663,0,,1,SNHG14,0,,False,False,24955306.0,-55.344214527561405,40.44765336815976,5.0,1,1.0012468814331026,0.08,25
PWS_G.4871,GCGCCCCAATGCGAGCGGAC,dCas9-Tet1,chr15,24955256,24955276,25200403,25200423,pws_icr,pws_critical,2.41e-06,,362.0,0,,1,SNHG14,0,,False,False,24955263.0,-54.03979701972791,41.63893939629103,3.0,1,1.0010062043906114,0.08,26
PWS_G.6001,GTCGCGACAGGTCCTATTGC,dCas9-Tet1,chr15,24955302,24955322,25200449,25200469,pws_icr,pws_critical,1.98e-05,,303.0,0,,1,SNHG14,0,,False,False,24955306.0,-55.344214527561405,40.44765336815976,6.0,1,0.9994268327572728,0.08,27
PWS_G.2746,CCACCGCAGACACCCGCAAT,dCas9-Tet1,chr15,24955317,24955337,25200464,25200484,pws_icr,pws_critical,2.66e-06,,350.33333333333326,0,,1,SNHG14,0,,False,False,24955331.0,-53.77436127799284,43.191065673958065,4.0,1,0.9975307093649199,0.08,28
PWS_G.5478,GGGACGCGCCCCAATGCGAG,dCas9-Tet1,chr15,24955261,24955281,25200408,25200428,pws_icr,pws_critical,0.00319553,,57.66666666666674,0,,1,SNHG14,0,,False,False,24955273.0,-56.809093880163225,39.502578084310834,2.0,1,0.9959114940458815,0.08,29
PWS_G.5679,GGTATCCTGTCCGCTCGCAT,dCas9-Tet1,chr15,24955248,24955268,25200395,25200415,pws_icr,pws_critical,0.005308659,,226.66666666666663,0,,1,SNHG14,0,,False,False,24955259.0,-54.7971288372618,41.92223858909707,1.0,1,0.9954004026307963,0.08,30
